Curve_date,value_0,value_1,value_2,value_3,value_4,value_5,value_6,value_7,value_8,value_9,value_10,value_11,value_12,value_13,value_14,value_15,value_16,value_17,value_18,value_19,value_20,value_21,value_22,value_23
2012-01-01,27684,28976,26490,22814,17300,10688,7150,5734,5636,7472,10608,13446,16334,18172,18546,18260,18102,18724,21064,19852,21022,15868,14654,15318
2012-01-02,23312,16670,11758,8008,6650,5550,7872,9564,13578,20206,25060,30232,35328,36804,39560,39096,37794,39482,41846,37964,32050,30196,30494,21692
2012-01-03,16416,10118,6484,4482,4590,7448,15316,18762,23721,21715,18042,17954,19009,19108,21056,21441,18486,22909,27758,26683,22990,21091,17893,13402
2012-01-04,9940,5797,3581,2419,2194,3362,10531,21153,26146,24634,20254,19584,20510,20207,21419,21797,18309,23303,28306,28702,24097,23046,21244,15504
2012-01-05,10429,6081,3968,2623,2232,3252,10393,20888,25835,23581,19866,18609,19657,20119,22351,21427,18009,22265,28254,28352,27039,26055,25121,20098
2012-01-06,13864,9522,6551,4146,3385,3711,10098,19591,24933,23665,20077,19880,20843,20224,21778,20153,16940,22006,27447,30739,28324,26386,27616,27557
2012-01-07,26010,22223,18432,14008,8873,3883,4206,6581,9438,14111,16917,18963,20953,21651,21544,21808,20348,22784,26330,29250,26169,24805,28340,31006
2012-01-08,28227,25198,21947,16865,9932,4172,3575,5054,8178,11974,16902,19211,22367,22537,21587,20888,21372,21748,22874,20184,19545,17016,15016,11091
2012-01-09,7773,4835,3139,2270,2334,3820,10810,19916,25471,22679,18352,17906,18659,18012,18970,19660,17834,22306,27091,26288,23128,21002,18839,14524
2012-01-10,8982,5468,3381,2425,2215,3290,10612,20629,26352,24483,19813,19035,19814,19569,21800,20931,18062,22608,27514,27396,25798,25073,22323,15987
2012-01-11,10365,6607,4125,2692,2524,3572,10808,20700,26087,24467,20089,19131,20084,19938,21459,21470,17938,22482,28073,29380,26991,25613,26684,21224
2012-01-12,13671,7944,4994,3246,2459,4064,12261,21527,26150,24803,20336,21134,21484,19903,21833,21586,17537,22301,27934,29045,27444,26710,25961,21582
2012-01-13,15882,11396,6893,4700,3596,3970,10670,20489,25947,24834,21591,21366,22963,23303,25135,23059,18783,22937,29059,32089,30704,28598,29086,29134
2012-01-14,26924,22466,18498,14567,9174,4077,4612,6250,10062,14562,18181,20334,23376,24484,23108,23706,21782,24338,27000,29679,27382,25302,28077,30574
2012-01-15,28634,24950,21363,17146,10365,4360,3762,5120,7029,11423,17048,21456,23701,24250,23918,24508,23936,23463,23867,22315,24048,20571,20411,19477
2012-01-16,14143,9465,6619,4727,3491,3026,5029,9043,13984,17011,17736,19174,21182,20992,21817,21951,20336,22688,25341,23306,19316,18271,17353,12668
2012-01-17,7958,4884,3183,2126,2048,4019,11465,21410,27108,24586,20643,22923,24236,21355,23341,21373,17992,21970,27689,29185,27030,23913,20950,15672
2012-01-18,10104,6084,4219,2960,2576,4015,10990,20834,25431,24256,21701,20972,22176,21123,22982,22389,18590,23595,29877,31009,29023,28316,26232,18937
2012-01-19,12048,7415,4580,3205,2499,3689,10911,21428,27009,24873,21193,21282,21758,20627,23033,21639,17559,20809,28626,30605,29075,28336,27085,23492
2012-01-20,17153,10721,7038,4829,3712,4202,11510,21093,26501,24967,22532,21882,23156,22779,24519,22630,19237,23460,30763,32683,31669,30735,30747,29863
2012-01-21,27625,23575,19247,13927,7777,3903,4270,6285,9727,13128,16031,18672,21199,21511,20869,21287,20051,23250,27246,29034,25789,24932,28653,29734
2012-01-22,27712,23943,20701,16306,9665,3944,3576,4923,7831,12188,17098,20093,22554,22803,23785,21814,20309,21482,24137,17721,16188,13623,17928,16026
2012-01-23,9071,5047,3370,2364,2378,3821,10810,19621,24391,23066,20029,19034,19612,18181,20852,19759,19154,23573,26835,25931,22818,19320,17065,12306
2012-01-24,8472,4787,2942,2218,1967,3504,10478,20640,25921,23738,19538,19389,20194,19117,20923,20957,18037,21275,26935,27338,26487,25392,22479,16438
2012-01-25,10482,6387,4119,2658,2312,3533,10637,20901,26373,24663,20687,19563,20633,20260,21536,21511,18009,23073,28889,30332,28287,27338,25103,19460
2012-01-26,12265,7577,4699,3018,2760,3881,11210,20875,26382,24206,20691,20746,23306,22254,23898,22023,17991,22339,28353,31754,29023,28664,28039,23397
2012-01-27,15991,10509,6828,4809,3796,3940,10297,21159,25808,24226,23409,20115,21202,20099,21820,19417,17365,22069,27667,30928,29952,28238,29353,29613
2012-01-28,26849,23349,19800,15518,9695,4573,4061,6375,11116,15017,18110,20323,22421,23158,22104,22925,20636,22990,27854,29670,27975,27215,29437,30236
2012-01-29,28731,26131,22319,18511,11301,4424,3984,5013,8684,12661,16665,19490,22239,22553,21985,21155,19785,20342,22713,20227,17497,16640,14826,11315
2012-01-30,7631,4414,2971,2242,2329,3938,10973,20112,25110,22898,19532,18743,20208,18886,20654,20600,18530,22660,27597,26704,24563,22754,19006,13811
2012-01-31,8814,5057,3267,2271,1924,3473,11144,21339,26351,25009,20733,19735,20235,20174,21238,20876,17565,21735,26517,27318,25353,25169,22576,16346
2012-02-01,12458,7196,4713,3454,2756,4226,12720,23220,28397,26894,22435,21547,22650,22002,22199,22055,18299,21903,29790,29264,29547,28968,27176,20831
2012-02-02,13864,8291,5333,3657,3027,4131,11586,23375,28167,26095,22897,21276,21498,22468,24886,23612,20194,25409,31937,33482,32713,29588,30320,27322
2012-02-03,19141,13142,8599,5699,4465,4769,12076,23894,28388,26346,24097,23546,23987,23861,25864,24129,20919,24718,32450,35235,34354,33262,33031,33676
2012-02-04,30696,26846,22454,17051,10570,4913,4941,6995,11348,16866,20387,23299,25085,25651,24899,25016,22392,24950,29965,31884,27605,25752,32154,33547
2012-02-05,31012,28075,25386,18652,11418,4565,3818,5019,8123,12213,16670,18867,22246,22687,22611,22331,23228,27679,28173,16971,15606,14076,26915,21548
2012-02-06,14164,7918,4547,2864,2964,4539,11509,19049,24579,24629,20979,18751,19294,17220,19788,21667,21795,25541,31050,30978,26583,23645,20405,13821
2012-02-07,8986,5101,3184,1968,2000,3788,12035,22600,28190,26099,21982,19073,21214,21692,23607,23230,20431,24957,30317,30545,30823,29085,24737,18193
2012-02-08,12023,7557,4349,2964,2570,3721,11222,23964,28812,26582,22535,20632,23494,23487,23930,23797,19984,22627,30042,30423,31302,28587,25190,20865
2012-02-09,13070,7332,4973,3127,2629,3630,11311,22153,26374,25572,22066,22282,21947,21697,24561,23284,19983,25133,32689,34022,31864,31677,30423,26091
2012-02-10,19512,12515,8333,5788,4599,4807,11155,21003,26626,24492,22772,21388,22825,22625,23926,22698,18995,23328,29656,32301,32208,32237,31866,31458
2012-02-11,28728,25645,21476,15604,9481,4512,5117,7126,11569,18119,21766,24187,25495,27213,27008,27116,25572,29017,34154,36217,33451,31984,33943,33670
2012-02-12,31000,28338,24576,18729,11892,5120,4543,5567,9044,14407,19973,24116,26187,26412,26449,24378,22662,24151,27381,25623,21280,19481,17573,14278
2012-02-13,8375,5050,3447,2118,2269,3988,11169,20954,25104,23927,20399,19759,20756,20292,22176,22182,19724,23889,29095,28604,26013,23957,21565,15976
2012-02-14,9921,6086,3648,2338,2206,3625,11039,21427,26019,24537,21347,21199,22140,22052,22937,22128,18083,22290,28161,29491,28645,28822,24959,21918
2012-02-15,15542,9240,6075,3877,3128,4214,11078,21120,25479,24198,21236,20935,21402,20833,22460,20950,17205,21327,27177,28099,27793,26443,24616,19506
2012-02-16,12955,7921,5055,3766,2931,3949,10958,20607,24661,23343,20589,21725,24094,22846,22924,20437,16342,20460,26534,28256,27783,26283,25233,22186
2012-02-17,16000,10603,7346,5048,4163,4372,10045,18896,23366,21990,19909,19759,20379,19997,21475,19497,16079,20484,25774,28137,26005,25429,26892,26384
2012-02-18,24104,21033,18287,13927,9146,4434,4675,6036,8572,12615,15622,17664,19844,20965,21222,20433,18027,20272,26084,28482,25332,24786,26565,27391
2012-02-19,25409,22619,19803,15827,10134,4358,3695,4154,6218,9706,13646,17488,20339,19680,19640,18368,17830,18964,21373,21290,19251,18393,18826,17300
2012-02-20,16147,12121,8804,6461,4389,3377,5082,7553,12524,15350,17052,18735,20479,20692,21607,21683,20243,22962,26388,25040,21233,19620,19347,14010
2012-02-21,9176,5294,3212,2157,2110,3935,11130,19804,25516,24941,21357,20081,21319,20998,22395,21836,19189,23192,29434,29446,27209,26094,23361,17380
2012-02-22,11459,7136,4480,2959,2665,3814,11036,20756,26838,25336,21936,21012,21726,21443,22443,21992,18984,22922,29523,30063,28508,27727,25963,19632
2012-02-23,13522,8383,5235,3739,2939,3817,10988,20807,26305,25142,22047,21548,23023,22168,23913,22659,19027,23179,29667,32284,30924,30631,28749,24997
2012-02-24,18988,12353,8847,5964,4321,4905,11261,20797,25962,26796,24350,22364,23790,23610,24749,22398,18397,23195,29263,32297,29424,28597,29469,29625
2012-02-25,27715,23996,20448,15438,9709,4832,5684,6965,10846,15832,19314,21900,24602,25959,25027,25117,22371,26029,31220,32728,31103,30730,33075,33397
2012-02-26,30704,26866,23696,18738,11622,5048,4366,5207,7987,12675,17586,20820,22975,23029,23001,21587,20426,21752,24201,22650,17722,15390,15228,15460
2012-02-27,11106,4853,3081,2153,2235,4088,11397,21516,25879,24039,19301,18377,19186,18421,20380,20645,18225,22154,25506,25391,23018,21584,18622,13241
2012-02-28,8590,5240,3475,2226,2039,3648,10771,21113,26258,24179,20676,20263,20605,20388,21934,21548,19017,23845,30155,31038,29593,28230,24622,19815
2012-02-29,12350,6851,4469,3017,2637,4088,12332,23161,28627,26800,23040,23743,26364,24120,25053,22748,18446,22329,28039,30374,29361,28664,27035,20851
2012-03-01,15932,8856,5673,3854,3268,4556,13437,25595,30390,29305,25629,24207,25645,25120,27152,25806,20109,24260,30103,34130,32820,30625,31299,28788
2012-03-02,22219,14097,9560,6238,4829,5043,12776,24454,30263,28584,25383,25496,27002,26832,28443,26074,21771,27198,33338,36264,36203,36559,35685,34111
2012-03-03,29552,25156,21388,15683,9974,5028,5159,7464,12773,20506,23321,24819,26519,27497,25860,25789,23411,26991,32294,34541,32534,32214,34308,34888
2012-03-04,32181,28193,24729,19953,12921,5738,4843,6206,9475,14695,20462,24270,26578,26894,27345,25507,23510,24877,26997,25054,21873,20703,18613,14378
2012-03-05,9837,5694,3590,2586,2713,4670,13201,23828,28184,26868,22540,21744,22953,22299,24523,24608,22545,28245,33855,33866,30997,29104,25919,18466
2012-03-06,11582,6655,4030,2577,2496,4226,13262,25144,30424,29084,25036,24195,24802,24084,26480,25369,22200,28160,34301,35117,33261,32254,28227,22157
2012-03-07,14349,8294,5021,3413,2889,4351,13094,25485,30380,28481,25093,24472,25683,24904,26815,25269,20778,26715,33708,35606,33840,32617,30298,24865
2012-03-08,16583,10174,6200,4028,3622,4771,13130,25104,30209,28794,25749,25892,26191,25546,27225,25399,21223,26640,33329,35498,34996,34248,33305,29716
2012-03-09,23577,17160,10725,7020,5051,5198,13015,24781,30050,28748,26449,26219,26644,26612,28942,25465,21280,26050,32680,36506,35540,34874,35916,35487
2012-03-10,31710,27712,23731,17905,10909,5313,6165,8353,13197,19749,23933,26759,29165,28935,28298,26933,23389,27288,33288,35569,34037,32123,34444,35128
2012-03-11,32606,28971,0,27223,16996,9109,6126,6445,8853,13787,19449,23689,25777,25428,25729,23905,21588,22800,25245,24157,21544,20117,18410,14098
2012-03-12,10393,6515,4250,2946,3071,4689,12012,22484,27385,25821,21891,20964,21538,21313,23331,23434,20603,25039,30687,30607,27422,24397,22373,18347
2012-03-13,11741,6959,4366,3035,2715,4222,12044,23891,30134,29002,24214,23827,24306,23466,25310,24465,20829,25928,32434,32047,30145,29225,26804,21328
2012-03-14,14456,8794,5801,3847,3378,4365,12081,24210,29563,27591,24184,23866,25229,23908,25421,24623,20082,25025,32045,35282,33976,31999,29938,24765
2012-03-15,17132,10472,6528,4373,3650,4514,12464,24740,30825,29352,26264,25615,26553,25877,27976,26165,21363,27236,34001,35766,34833,34592,32779,28736
2012-03-16,22242,14030,9599,6441,4942,4927,12204,23569,29882,28932,27096,26564,26205,25082,27336,25164,21065,25988,32489,35210,34484,33082,33603,33177
2012-03-17,31103,26113,21186,15880,10392,4966,5210,7519,11650,16581,20302,23563,26331,26983,26944,26706,23153,26855,34295,35687,35268,34575,34192,33661
2012-03-18,31940,27197,23142,17977,12069,6023,7581,6488,9194,13554,19134,22578,24727,24423,23864,22391,21349,23327,24311,23794,21747,20074,18110,14171
2012-03-19,10059,6232,4069,2782,2899,4654,12373,21401,26397,25638,21542,20477,21132,20817,22467,22107,20052,24128,29091,29173,26491,24904,22260,15226
2012-03-20,10899,6833,3842,2635,2444,3867,11850,22367,28495,27016,23074,21806,23423,22414,24162,22920,20329,25349,32392,32190,30584,29705,27499,20785
2012-03-21,13944,8483,5211,3431,2895,4275,12333,24191,29227,28692,24458,23250,24364,23682,24831,23805,20661,26098,32790,33353,32181,31360,30009,23766
2012-03-22,16384,9595,6204,3861,3304,4257,12106,22964,29379,28952,24413,23379,25257,24503,26137,24642,20669,25401,33037,35215,34166,33987,32740,29567
2012-03-23,23998,15941,12151,7356,5034,4765,11796,21928,28792,27866,24489,24105,25055,24525,26826,24813,20700,26296,33927,36155,34346,33407,34027,32655
2012-03-24,30953,27150,22817,17324,10866,5016,5613,7718,12539,18058,20724,23071,25495,26159,25918,26182,23266,25603,31904,33942,32067,31197,35003,35222
2012-03-25,32280,28414,25034,20044,12354,5563,4857,5915,9414,14869,19893,24069,25918,25844,25563,23821,21244,23421,24262,23787,21531,19336,17325,15838
2012-03-26,10472,6425,4075,2645,2917,4455,12119,21370,26684,26145,21832,21212,22218,22744,24004,23389,21749,27056,33729,33913,31548,29684,26822,18702
2012-03-27,12123,7004,4048,2544,2471,4122,12779,23990,30009,28861,25072,24046,24742,23960,24856,23984,20741,26041,32659,32995,31484,30931,28458,20967
2012-03-28,14622,8321,5101,3554,2951,4405,12718,23242,29386,28830,24023,23571,26169,28257,24627,22778,20137,25631,32256,33743,31909,32132,30362,23105
2012-03-29,16438,9918,6156,4111,3485,4485,12476,23504,29285,28197,24933,24212,25840,25088,26320,24675,20336,25472,33152,35452,35378,34769,33749,29461
2012-03-30,22791,15521,10522,6814,5184,5022,12506,22944,28890,28211,25123,24733,25404,24613,25944,23978,20150,25397,33062,36156,35828,34477,35020,34680
2012-03-31,32326,27956,22643,17887,10819,4996,5542,8240,12648,19337,23941,26808,29142,29547,28012,27720,24402,28177,33491,34476,32621,31510,34097,35635
2012-04-01,31277,28361,23739,19913,12138,5146,4882,6026,9355,14183,18979,21778,23969,25404,25514,23797,20883,24094,26582,24249,20676,18784,18016,15156
2012-04-02,10320,5776,3671,2597,2726,4456,12774,21289,25678,24492,20351,20369,22412,21441,21919,22914,19249,22540,30785,28451,27702,25247,21801,16337
2012-04-03,11030,7023,4314,2891,2680,4061,11762,22336,27688,25634,21806,20881,22042,23686,22004,21830,18628,22714,28776,30173,27905,26204,24615,18571
2012-04-04,12594,7367,4414,3090,2602,3702,10904,21398,25433,24968,22014,20476,21434,21941,22210,20852,16525,22371,27122,27488,27037,27021,25877,22607
2012-04-05,14280,9137,5469,3584,3006,3798,10939,21480,24711,23048,21665,21361,23326,22239,23618,20421,16902,18810,24992,28963,30064,30216,30204,28527
2012-04-06,24237,17256,12473,8737,6001,4490,8486,13093,20769,23449,22644,22931,23396,23048,23997,22143,18715,24211,28219,29339,27063,27326,28699,29325
2012-04-07,26802,21453,17857,13832,9483,4491,4447,6616,9153,14134,17213,19919,20602,23099,22508,22323,20017,22658,25636,26679,23619,24964,27361,26463
2012-04-08,24868,20611,16974,13763,9488,4147,3622,4608,7341,11310,17389,18761,21137,19910,19639,17193,17082,17359,18731,18311,17797,17524,16062,12067
2012-04-09,8592,5094,3386,2351,2291,3427,8768,17568,21184,21030,18124,17374,18659,19507,18703,18762,17840,19651,24291,27346,21809,20689,21063,14797
2012-04-10,10326,6385,3912,2695,2453,3408,9013,19528,24299,24378,21920,21001,24111,22684,24616,22677,18619,24658,30445,30833,28353,27890,24920,20788
2012-04-11,13182,7375,4553,3181,2899,3993,11642,20822,26092,24965,22347,21359,22605,21726,23095,21526,17609,21648,27108,29268,28203,28065,26492,22195
2012-04-12,15013,8538,5394,3806,3063,4063,11188,20003,25543,24423,22041,21254,23736,22636,23128,21364,17005,22274,28392,30548,30275,28919,29045,25550
2012-04-13,19659,13003,8978,6390,4553,4550,10412,19631,25048,24481,22308,22067,22660,21872,23008,21938,17720,21741,28795,31869,29857,31726,30627,29933
2012-04-14,27686,25469,20655,15748,10684,4947,5513,7847,11627,17236,20462,23993,24993,25201,24548,23305,20813,23172,29032,30732,29877,29595,32282,32036
2012-04-15,28936,26921,23421,19183,11995,5563,5126,7106,8806,13760,19666,21933,23770,24016,22708,22598,18665,20307,23034,21655,19775,18162,16767,13589
2012-04-16,9482,5875,3808,2582,2624,4453,11696,20712,24390,23572,20719,20302,21350,20856,22333,22424,19591,23697,28513,27623,25882,23470,21212,15356
2012-04-17,10386,6166,4138,2622,2421,4060,11951,22453,26538,25005,22543,21597,22342,22144,23774,22804,19607,23982,29797,29918,28815,27951,25942,22258
2012-04-18,14092,8291,4989,3332,2918,4231,12167,23343,27955,26218,23177,22769,23518,23432,25472,23635,19493,23753,30630,31871,31360,29715,28911,23457
2012-04-19,15205,9395,5497,3576,3127,4302,12209,23057,27242,26880,22670,23185,23248,23140,23998,22468,18055,22207,30139,31963,31425,30958,30922,26982
2012-04-20,21225,14170,9678,6158,4859,4800,11867,21070,26617,25718,23112,23596,23980,23234,25203,22952,18322,23564,30084,33354,32769,31100,31641,29867
2012-04-21,26793,23494,20308,14229,9344,5061,5567,8247,11961,17060,20174,23694,24440,22927,25041,23010,21319,25167,30183,32114,30844,28247,30256,31877
2012-04-22,29819,25519,22533,17085,11011,4931,4350,6189,8644,14550,20722,25615,25725,25991,24779,23346,19148,21863,23437,23264,21372,19641,17724,13653
2012-04-23,9090,5232,3095,1958,2242,3971,11793,20758,23882,23075,20023,19667,20135,19490,21173,20638,17668,20520,24080,23571,24425,22881,20860,15458
2012-04-24,9839,5887,3699,2301,2217,3624,10917,20071,24195,22476,20137,19000,20614,19856,20441,20597,15926,19669,26463,26849,25552,23512,22364,18331
2012-04-25,10949,7049,4450,3164,2579,3529,9803,19946,21984,20101,18834,18552,18488,19134,20651,18849,15463,18804,24334,26408,25267,25349,27265,22841
2012-04-26,15478,9336,5982,3884,3166,4304,11831,21425,25960,24255,22174,21476,22812,22565,24148,21802,16149,19378,25810,28295,28032,27909,27367,25459
2012-04-27,19487,12941,8783,5735,4322,4375,11585,20515,24508,23380,21403,21026,21149,19910,21402,19559,15597,20093,26174,29020,28350,26569,28912,27923
2012-04-28,25387,21498,17932,13075,9163,4377,4572,6959,11413,15425,19004,20323,20602,19861,20142,18861,15602,18844,22319,24534,23337,22278,24704,24179
2012-04-29,21896,21489,17809,14342,10066,4700,3864,5226,7466,11351,15140,18887,19731,19681,20604,19080,17084,18867,20919,20183,19078,18017,17185,13025
2012-04-30,8598,5077,3513,2366,2426,3876,10241,18067,21030,20142,17723,18122,19206,19132,22461,22523,19383,24362,31403,28896,27551,26993,22379,17159
2012-05-01,9798,5801,3918,2493,2296,4258,13010,21389,25061,24217,21219,20965,21622,20655,22640,21183,18310,22150,27047,28089,27102,27572,26431,20106
2012-05-02,12656,7624,4828,3139,2793,3865,11027,21688,26994,26639,23688,24627,24263,24319,24725,22102,17500,22448,29346,30990,29361,28559,26371,21774
2012-05-03,15805,9143,6681,3825,3034,4023,11903,22539,28016,25438,23720,23949,23815,23794,24821,23002,18576,22590,29281,31114,32042,32313,30704,27231
2012-05-04,20778,12812,9585,6147,4609,4944,11809,23044,28193,27566,25250,24732,24754,23070,24428,22811,19809,24388,30884,34625,33559,31782,31723,30895
2012-05-05,28562,24712,21521,16348,10261,4938,5477,8441,12598,18402,22210,25102,27971,27449,26846,26553,22763,26407,31423,33433,31209,31018,32509,32694
2012-05-06,30730,28346,22717,18398,12122,5799,4757,6030,9140,12706,17241,20364,22755,23496,23791,21268,18945,20749,23005,22327,21174,19550,16904,14468
2012-05-07,10791,6378,4233,2859,2921,4769,12363,21731,25421,23224,19506,18808,19889,19667,21121,21449,19084,25270,30474,30587,27747,25484,23659,17163
2012-05-08,11330,7155,4846,3058,2607,4115,12515,23249,28718,26630,23159,23345,22461,20767,21382,20972,17678,21711,26864,29909,30384,28926,27697,21584
2012-05-09,14262,8590,5434,3383,2911,4456,13590,24503,28079,26953,24588,23982,24502,23530,24971,23043,18975,24080,30727,32735,31189,30207,29526,24677
2012-05-10,17146,10283,6726,4468,3476,4713,12959,23154,26880,25775,23528,23386,24164,23964,24370,22247,16947,20565,28026,31607,30112,30807,27626,26745
2012-05-11,21588,14661,9569,6604,5025,5164,12426,21130,25080,24554,23219,22391,23859,22795,25081,22630,17859,21457,29393,31859,28569,26803,27116,26431
2012-05-12,24657,21971,18317,13696,9021,4917,4702,7593,10590,17384,20694,22739,24617,25123,24244,23550,20257,23292,28584,30008,26917,26331,29106,28710
2012-05-13,27376,25287,21255,16201,10489,5102,4506,6324,9254,14203,19314,22099,23609,23397,23065,21622,19095,20922,23280,22636,21192,20238,19179,15269
2012-05-14,10037,6290,4156,2852,2738,4488,12144,21614,25139,23960,22123,21675,21842,22475,24952,21270,17871,21300,27640,28075,26712,26522,23745,19129
2012-05-15,12957,8014,4884,3084,2667,4424,12764,24663,28336,27351,25202,26357,26269,24290,25188,20889,16228,20607,27066,29398,29011,28838,27150,22859
2012-05-16,15027,9465,6082,4151,3177,4469,12658,23024,27931,27181,24943,24505,25351,24575,24853,22360,17934,21705,28924,31425,30666,29724,27758,25145
2012-05-17,19714,11924,7804,5232,4050,4764,12538,23972,28153,27592,25443,24268,24143,23702,24490,19687,15415,22053,25664,26605,28215,27724,27504,24657
2012-05-18,19149,14602,8665,5505,3951,4035,9537,18703,21305,17848,17909,18171,18096,15825,17264,14205,12756,17032,23635,26365,26096,24664,24889,30036
2012-05-19,27819,24833,20433,15287,9915,6129,5670,8120,12827,17867,21313,23450,23700,22631,22256,20494,17725,21125,26935,28622,27710,28608,29863,30618
2012-05-20,28827,26478,22125,16827,10756,5328,4980,6309,10547,14559,18894,21942,23433,24148,23785,22103,19558,21522,24141,22365,21752,21832,17086,13665
2012-05-21,10063,6021,4016,2852,2825,4173,11098,18984,23603,22305,21361,21683,21033,21127,21555,20460,17400,22174,27063,28257,24353,24771,23360,17383
2012-05-22,12011,7125,4203,2729,2557,4288,12817,23415,26147,26302,23124,22733,23030,22487,23990,22949,18252,23030,27980,28352,26935,26279,24197,20370
2012-05-23,14071,8817,5287,3592,3266,4336,11615,21670,25683,24289,21729,21427,22460,21445,21851,19350,14969,19486,25203,28264,26561,27092,25772,22210
2012-05-24,15914,10293,6232,4162,3549,4377,11772,21026,24022,22437,20746,22054,20702,19616,20043,17507,14215,17664,23512,26459,25127,25801,24320,22443
2012-05-25,18250,12656,8919,6125,4616,4258,9659,16617,21827,21610,18908,19277,20573,20532,21313,19098,16153,20407,24352,25887,22171,22542,22622,25050
2012-05-26,24257,19651,16744,13438,9118,4885,4867,6468,9339,12969,16158,17366,19460,20553,19395,19334,17590,21749,22287,22518,18863,18927,20560,21650
2012-05-27,20797,17852,14732,11901,8159,3825,3231,4350,5434,8807,12065,14330,15854,16594,17643,16525,16158,17222,18486,17157,16020,16387,18121,16701
2012-05-28,14459,12043,8639,6399,4269,2794,3454,4453,5635,7451,10812,12569,14196,15917,16533,17224,15943,17245,18871,19278,17559,17601,16674,13618
2012-05-29,8498,5119,3282,2282,2327,4258,12244,22134,26068,24854,22202,21569,23755,24089,25084,23711,18688,24426,29757,29583,26071,27901,20627,15487
2012-05-30,11431,7260,4491,2934,2530,3922,11989,21864,26462,24530,21531,21124,22329,22614,23458,21372,17646,22083,27715,29330,27097,27193,24960,20698
2012-05-31,14831,8676,5592,3459,2937,3938,11358,20687,23888,21993,20375,20017,20746,20705,21504,19590,15655,18529,24638,26904,25538,26274,24949,22663
2012-06-01,23991,15966,10963,6945,5083,5265,12516,23054,28243,26427,24143,23904,24868,24407,26385,23406,19494,24551,32058,35644,32956,31182,34177,33174
2012-06-02,31321,26965,21340,15039,9171,4809,5365,9968,12267,16291,19828,22391,23378,24035,23266,23078,21283,24784,28176,30711,26967,28351,31062,33255
2012-06-03,31967,28438,24701,19483,12317,5343,4716,6799,9024,13470,17971,20512,21892,22159,24206,20609,20226,23006,24174,22730,21559,20887,19765,16297
2012-06-04,11232,6778,4296,2805,2850,4613,12622,23626,28021,27263,25205,24162,24447,22632,24480,23780,19948,24262,30820,31013,29073,28108,26268,18863
2012-06-05,12727,7321,4498,2962,2657,4326,12665,24525,29516,27810,24890,25311,26165,24995,26955,24794,20194,25349,31429,33620,31841,32351,29549,25147
2012-06-06,15962,9542,5725,3992,3218,4635,13493,25041,29981,28164,25547,25109,26074,25193,26391,23911,18777,22578,30096,35940,32810,32567,31480,27036
2012-06-07,18747,11251,7394,4748,3898,4799,13333,24892,29242,27786,25477,25418,26470,25754,26272,23835,18886,23919,31048,34137,33071,33547,32703,31386
2012-06-08,24959,16860,11807,7387,5386,5318,12912,23414,28421,27363,25009,24880,25108,24479,25722,22485,18047,23308,30264,33713,31697,31493,32666,33125
2012-06-09,31133,27380,22606,16873,10266,5105,5385,8659,11836,17857,22860,24400,25351,26176,23187,22866,20641,25553,27680,30222,27029,27460,29745,33239
2012-06-10,31059,28541,24043,18902,11423,5321,4782,6040,8926,13271,17937,20413,21655,21796,22417,21076,19059,21321,23644,22706,20323,20139,19112,17142
2012-06-11,11468,7302,4713,3251,3105,5117,12760,22287,26783,25625,22218,22163,22954,22712,24134,23415,20810,25850,31239,31044,27569,28052,25590,19393
2012-06-12,12319,7189,4435,2961,2621,4508,12804,23995,29371,27562,24698,24996,28281,26548,27637,23199,18664,23142,29361,32184,31654,33514,30839,25816
2012-06-13,17512,9573,5479,3501,3027,4540,12957,24196,29390,27856,24940,25514,26857,25031,26545,23975,18658,23822,31157,33483,31788,32621,31571,27027
2012-06-14,18961,11524,7218,4648,3837,4906,12909,24034,29136,27758,25423,25119,25690,25024,26089,22778,18482,23614,30233,33114,32789,32667,32365,30290
2012-06-15,26695,18302,11933,7438,5464,5702,12736,22095,27538,26584,24245,23733,24449,23653,25386,22025,17633,22664,29567,32705,30950,31188,32249,32668
2012-06-16,30905,27544,23462,17727,11360,5487,5620,7836,11766,16906,19928,22099,23194,23978,23278,22314,20019,23742,27119,29408,25640,26612,30092,31191
2012-06-17,29484,27016,22682,17273,11329,5105,4577,6138,8152,12640,17368,20049,21460,22126,22121,20467,19236,21621,23030,23069,21573,21986,20658,17401
2012-06-18,11534,6827,4178,2971,2990,4862,12708,21226,25724,24638,20953,21047,22140,22133,23089,22368,20114,25680,30355,29997,27684,27680,24899,18477
2012-06-19,12447,7447,4539,2924,2533,4436,12506,22678,28321,27259,23959,23456,24701,24632,27377,23723,19582,24570,31781,32672,30698,31457,29047,24081
2012-06-20,16707,9676,6043,4067,3279,4659,13052,23722,28613,28189,26122,26707,27098,26781,27065,25070,19589,24288,31289,34533,32851,33626,31742,26966
2012-06-21,19047,11403,7074,4416,3605,4800,13495,24564,29611,28693,26431,26499,27438,27528,28105,24542,19314,24262,31870,35662,33826,34539,33049,31210
2012-06-22,26488,17556,11407,7484,5279,5525,12859,22556,28404,27859,25308,25962,25901,24448,25187,19802,17813,24076,31970,32340,30441,31926,32817,32608
2012-06-23,30641,27426,23529,17151,10849,5168,5549,7873,12123,16379,20197,22624,23148,24096,23764,22600,19984,23188,26693,29068,26217,27161,30690,32839
2012-06-24,31655,28466,25118,20122,12736,5987,5013,6022,8489,12627,17806,20352,21212,21564,21349,19381,17862,20018,22709,22403,21176,21956,20576,19940
2012-06-25,14111,8771,5577,3975,3659,5266,13089,22128,26491,24564,20918,20860,22043,21696,22428,21541,21061,22691,30023,29489,26391,25892,24553,18823
2012-06-26,13175,8364,5050,3236,2981,4610,12503,21857,26992,26594,23982,22610,24253,23607,24623,22522,18159,22240,29614,32375,30294,30922,29995,24653
2012-06-27,16880,10176,6317,4270,3414,4737,12624,22606,27653,27217,23826,24212,25036,24891,25140,22513,18523,23332,29735,32583,31185,31983,31160,27537
2012-06-28,20438,12333,7692,4882,3946,4865,13173,22572,27557,27454,24573,24325,25501,25606,25794,22842,18393,22529,28061,30922,30723,31729,31749,30129
2012-06-29,25540,17699,12465,7788,5764,5990,12944,21894,27460,26899,24173,24237,24613,24063,24285,21288,17020,21119,28897,33185,30784,30813,31284,32057
2012-06-30,29940,25749,22118,16232,10190,5066,5278,7835,11052,16038,19204,21452,22337,23355,22083,21563,19769,22857,25505,27347,23914,24955,27642,29365
2012-07-01,28624,25784,22241,17276,10987,5149,4583,5433,7292,11367,16187,19299,21754,23337,24816,21078,19780,22025,22349,21533,19317,20117,18759,15025
2012-07-02,11046,6530,4169,2901,2856,4195,10618,18049,23233,23169,19571,19048,20642,20943,21531,20722,18639,22470,26777,26458,24204,22935,21283,17254
2012-07-03,12131,7510,5091,3110,2620,3740,10139,17332,23700,23628,20241,20460,22658,23936,24799,23375,19502,22951,28756,27885,25925,27045,26342,26443
2012-07-04,24631,21292,16439,11661,7129,4009,4493,5464,6363,9038,12076,14332,16662,18729,18886,19696,19149,21013,22725,22542,21441,18944,21500,21351
2012-07-05,17669,11370,6903,4325,3377,3803,9070,15101,20872,21614,19274,19514,21251,21538,22007,21104,18945,23211,26538,26187,22443,23112,22420,19016
2012-07-06,14653,10093,7139,4864,3752,3831,8835,14945,20942,21096,19035,19523,21269,21828,22750,21503,19702,23720,27052,28545,25107,24826,25983,26355
2012-07-07,25096,21758,18244,13823,8813,4230,4404,6188,8778,13084,16119,18204,20092,21514,19777,19043,18798,20819,22981,25571,21775,22441,23731,27789
2012-07-08,26958,22757,17965,14294,9720,4621,4147,5266,6779,10428,14461,17238,19115,20095,20629,19960,19397,21184,22752,21298,19392,20037,19017,15342
2012-07-09,10955,6198,3912,2666,2879,4757,12212,20269,25351,24992,20481,19445,21018,21347,22112,21184,19293,23212,28620,28822,25931,25355,22644,17825
2012-07-10,12225,7184,4485,3042,2615,4298,11852,21174,26669,25982,22599,21857,23341,23106,24071,22386,19715,23925,30316,32481,29861,30354,28286,23365
2012-07-11,16135,9557,6051,4046,3245,4449,12295,22442,27794,26974,24029,23176,24283,23824,24263,22393,19356,24110,31684,34517,32265,32479,30282,26364
2012-07-12,19389,11460,7313,4839,3697,4639,12511,22116,27056,26258,24359,23895,24902,24388,24945,22637,18268,23275,30341,33393,31226,32223,31885,30243
2012-07-13,25358,16925,11420,7440,5346,5291,12114,20698,26904,26225,22824,22736,24131,23832,24441,22090,18677,23381,30470,33499,29917,31421,30918,32152
2012-07-14,30459,26522,22554,17439,10597,5225,5365,7782,10373,14815,17404,20141,21332,22055,21297,21136,19995,22876,26139,28688,25980,26663,28748,30942
2012-07-15,30329,27569,24099,19142,11968,5538,4494,5350,7013,11137,15744,19739,21741,22840,23366,22168,20554,21854,23865,23809,22263,26689,19440,15897
2012-07-16,10989,7108,4724,2868,2973,4570,12279,20800,25169,25191,21790,21286,22473,22664,23514,22565,20259,24221,29915,31049,27672,27115,25365,18635
2012-07-17,12428,7700,5076,3133,2709,4396,12496,22563,27424,26862,24080,23976,25191,25144,25576,23850,20308,25875,32464,34467,31624,31573,29585,24491
2012-07-18,16222,9524,6002,3979,3311,4523,13166,23638,28230,27923,25893,26275,27171,26463,26794,24120,16327,19244,24114,28517,28800,29382,28364,24876
2012-07-19,18142,11135,6955,4232,3709,4904,13113,22666,27663,26838,24446,23342,24718,25284,25228,21524,17456,22115,28849,32788,31561,32359,31672,29737
2012-07-20,25773,17479,12025,9028,5681,5800,12416,21386,26258,27214,24115,22545,23046,22290,24625,20990,16088,20863,28090,32273,27024,28884,29526,30924
2012-07-21,29092,25629,21322,14637,10276,5396,5369,7421,10747,14404,17564,19279,20932,21651,20884,20692,19353,22538,25208,28052,24464,26074,28718,30988
2012-07-22,30339,27077,22615,16047,11678,5552,4361,5730,8130,11706,16269,18575,20168,20858,21588,20841,19898,22001,23197,22127,19536,20861,19254,16616
2012-07-23,11573,6848,4394,3031,2992,4768,12697,20452,25497,25249,21641,20993,22355,22672,24819,23497,19307,23886,29502,30051,27239,31217,24569,17464
2012-07-24,12479,7640,4418,2859,2757,4547,13229,22232,27437,26932,24388,23703,25336,25153,25803,24172,19757,24157,31125,32993,28280,30552,29343,24735
2012-07-25,17037,10338,6230,4106,3394,4600,12809,22331,27225,26746,23508,22716,24597,23993,24098,22696,18754,23012,29776,33084,29300,32072,30155,27166
2012-07-26,19340,12030,7433,4756,3829,4672,12932,22620,27507,28642,25067,22458,24035,24259,25475,23364,18329,22852,31148,35177,28575,32417,29500,28170
2012-07-27,22606,15832,10733,6646,4912,5438,12377,20657,26256,26240,23255,23220,24382,23022,24053,21430,17624,22803,29176,31889,27716,29848,30974,32937
2012-07-28,31611,27602,22186,15866,10963,5612,5870,7302,10573,14296,17711,20029,21552,24356,23509,20468,20347,21874,23787,27099,24230,27954,27878,29827
2012-07-29,28426,25971,22205,16186,11338,5838,4707,5505,7769,11477,15713,18595,20688,20905,22049,21067,21622,21886,23377,22172,20109,20259,18531,12232
2012-07-30,11492,6706,4321,2920,3011,4586,12038,20334,24969,24943,21227,20363,21457,21722,22470,23033,19777,23084,28004,28781,24589,25315,23082,18528
2012-07-31,12829,7493,4694,3119,2694,4284,12215,21227,26417,25614,22689,21888,23288,23564,24005,21840,18554,22962,28522,30472,27603,29745,28127,23489
2012-08-01,16458,9778,5931,4044,3379,4506,13191,23150,26003,25833,23446,23266,25168,24806,25314,20787,16794,20760,26333,27226,25447,29202,28744,24313
2012-08-02,18265,10847,6748,4393,3618,4653,12892,21749,27137,26434,23764,23342,24770,24569,25348,22914,18976,23596,30760,33003,29742,32713,31678,29790
2012-08-03,24490,16340,11216,7067,4994,5263,12032,20774,26473,26125,23245,23628,24291,23167,24624,22440,19206,24085,30873,31690,28762,29749,30429,31341
2012-08-04,29835,25373,21042,15395,9953,5091,5736,7562,10706,14755,18546,20690,21524,22839,22218,22096,21285,23951,26486,28157,25548,26306,28006,29892
2012-08-05,29041,25718,21356,15783,10601,5013,4549,5816,9134,12158,16567,19791,21779,23050,23278,22042,20800,22974,24726,24827,22516,19919,17956,15442
2012-08-06,10909,6997,4477,2718,2961,4455,11957,20178,25047,24895,21507,20514,21595,21929,22636,21635,19311,23778,29764,29541,26092,25722,21877,17967
2012-08-07,12159,7230,4571,2987,2565,4148,11950,21065,26647,25642,22813,22046,23167,22783,23644,22427,19377,23712,30667,30866,28530,29720,26859,22336
2012-08-08,15468,9115,5875,3997,3315,4331,12148,21662,26637,26153,23755,22748,24331,24081,24046,22778,19223,23607,30275,31926,29515,31423,29696,25050
2012-08-09,17633,10987,6859,4410,3720,4593,12631,22333,27125,26621,24432,23483,24796,24698,25907,23222,18683,24404,31376,31720,29734,31778,31172,29792
2012-08-10,24236,17098,11699,6983,5016,5095,11796,20224,25972,25890,22930,23743,25808,22083,21567,21037,19024,24057,29590,31186,28618,28378,29483,31118
2012-08-11,29573,25082,21262,15745,10335,5100,5439,6864,9700,13719,16703,18989,20577,21898,22114,21316,19989,22750,24849,26632,24640,25100,26443,29080
2012-08-12,27994,25009,21175,15798,10492,5126,4314,5406,7360,11452,15600,17783,20165,20382,20623,19630,18972,21017,21892,20694,19601,19286,18326,15265
2012-08-13,10649,6609,4428,2946,3082,4269,11534,18737,23788,23533,19944,19379,20640,20834,21260,21038,19167,22928,27212,27626,25214,24038,21590,17191
2012-08-14,12170,7568,4849,3195,2872,4143,11697,20266,25767,25375,22671,22483,24504,22420,23384,21861,19450,23899,30600,29915,27516,28457,26206,21410
2012-08-15,15348,9365,5859,4055,3367,4320,11868,20696,26231,26565,23473,23465,25266,26241,24758,22167,18065,21800,30392,29432,27330,28235,27006,22563
2012-08-16,17168,10318,6527,4215,3548,4388,11660,20566,26434,26180,23287,22840,24147,23936,25029,22873,18891,23288,30490,31133,30104,31935,30869,28098
2012-08-17,23728,16757,11175,7176,5414,5066,11425,19014,24964,25149,22622,22009,23357,22936,24310,22188,19294,24512,30333,31973,28530,26919,28767,29930
2012-08-18,30267,25755,19880,14458,9360,4963,5676,7820,11951,14510,16768,18903,19866,21021,21120,21029,20082,22817,25220,25678,24865,24898,27312,29292
2012-08-19,27970,25257,21392,16888,11122,5253,4897,5930,8430,11269,14390,16744,17714,18634,18893,18090,17342,18693,20486,20291,18988,18229,16998,14479
2012-08-20,10676,6351,4142,2870,2929,4235,10890,18097,23288,23382,19967,18911,20247,20758,21604,20676,18897,22256,27192,27469,25700,23888,21594,16426
2012-08-21,11745,7140,4455,2869,2590,3961,10821,19353,25711,25039,21833,21318,22333,22567,23406,21623,19085,23421,29904,30307,28898,27845,25654,20814
2012-08-22,14700,8901,5841,3902,3187,4044,11038,20032,26366,25934,22484,22034,23126,23453,23411,21566,18768,23320,28757,29800,29714,28491,27777,23655
2012-08-23,16894,10656,6900,4513,3743,4368,11224,19728,25746,25432,22220,22230,23018,23189,24034,21774,18637,23550,30151,32574,31761,30990,30236,27737
2012-08-24,22792,15596,10504,6947,4997,4658,10713,17975,24138,23835,19895,19894,21153,21545,22692,21629,18789,23908,29092,31486,28941,27704,28894,29817
2012-08-25,28665,25108,21194,15771,9891,4901,5612,7375,9627,13590,16967,18882,20271,21104,20647,20516,18955,21554,24595,26586,24622,24627,27068,28475
2012-08-26,27368,25201,22240,17161,11029,4911,4549,5702,7407,11148,15143,17879,19474,20150,20735,19274,18452,20390,22019,21137,20192,18770,17680,14818
2012-08-27,10764,6402,4027,2684,2809,4126,10670,18281,23449,23154,19511,19903,26381,19984,19599,19084,18394,22293,26633,27110,24856,22586,20581,16593
2012-08-28,11936,7068,4379,2929,2489,4040,12337,20135,25916,25790,22041,21137,22393,22614,23266,21957,18836,23076,29404,29668,28383,27368,24984,20529
2012-08-29,14727,8991,5545,3924,3146,4150,10509,19132,24780,24839,21425,21134,22159,22091,22514,21395,18448,22863,28213,30344,29619,28467,27747,23853
2012-08-30,17234,10800,7051,4480,3652,4271,10517,18544,24932,24889,21568,21171,22422,22401,23336,21946,18288,22479,28903,31190,30247,29257,28982,27210
2012-08-31,22175,16462,11324,7540,5565,5290,10194,16564,22328,23250,20913,21282,22743,22880,24015,21982,18209,22040,27616,28942,26644,25640,26731,28536
2012-09-01,26890,22372,18962,14430,9679,4824,5311,7255,9633,13926,17261,19375,20574,22281,21706,21322,19584,22066,23204,24904,22900,22482,23981,26791
2012-09-02,25349,21552,17936,13966,9681,4324,4010,5124,6906,10532,14859,17475,18965,19552,20197,19719,17824,19430,20815,20712,20116,19410,19612,20637
2012-09-03,19442,15214,11601,8767,6020,3976,4570,5383,6726,9453,12805,15706,17536,18385,19188,19794,19093,20808,21488,21274,19542,19059,17794,13991
2012-09-04,10530,5788,3605,2398,2668,4921,12790,21877,26283,25501,22430,22240,22207,22816,23621,24266,19862,24274,29177,29626,29782,27899,24021,17930
2012-09-05,12606,7944,4731,3097,2877,4432,12999,24210,28472,27329,24706,25088,24750,24340,24786,23445,19905,24756,30571,32840,32320,29874,28406,26666
2012-09-06,20768,11178,6782,4228,3525,4537,12903,24831,28840,27478,25797,25115,26125,25729,26596,24370,19575,23839,30099,32306,32056,32177,31151,29497
2012-09-07,25327,18637,12322,7981,5652,5461,12981,24055,27551,26878,25499,25571,25258,24020,26863,24137,20292,24952,32471,34921,34072,33160,34130,34314
2012-09-08,32030,28215,24305,18321,11548,5571,5565,8241,12943,19245,24232,23188,24648,25582,25984,25502,22738,27568,30295,31606,32886,31849,33013,33536
2012-09-09,31516,28562,24679,18843,12018,5485,5420,6978,10553,14405,20203,23420,25473,25166,24798,23868,22068,23652,26678,25774,25165,23864,20441,16502
2012-09-10,11248,7114,4990,3486,3344,5230,13071,22593,25576,24640,22460,22325,23107,23086,24757,23792,20424,24853,30405,31252,29909,28433,24662,18008
2012-09-11,12534,7868,4938,3258,2795,4462,12862,24125,27642,25921,23899,22967,24351,23295,25039,24095,20244,24940,31858,33505,31793,30583,27368,21291
2012-09-12,14869,9035,5828,3940,3288,4713,13185,25061,28551,26921,24950,24515,25447,24283,25389,24032,18544,21398,28791,31891,32895,32399,30544,25177
2012-09-13,17717,11058,7183,4679,3913,4791,13229,25078,29040,26884,24592,24178,25318,24561,25762,23227,18478,23446,30710,33571,33846,33152,32693,29366
2012-09-14,23624,16007,10706,7125,5430,5561,12997,24002,27648,25886,23813,23928,24510,23549,25774,22652,18545,24169,30903,34303,32273,31816,32944,33198
2012-09-15,30872,27702,24023,18162,11675,5839,5739,8256,12260,16711,20374,22515,23966,24561,24067,24108,21359,24682,29098,31091,29650,29774,31344,33031
2012-09-16,30892,28268,24592,20257,12873,5460,4827,5959,8626,13024,18207,21092,23342,22749,22629,21975,20905,23409,24362,23494,20607,20800,19429,14767
2012-09-17,9913,5935,3818,2618,2876,4365,11004,17852,22131,22633,19586,18397,19612,20211,20983,20646,18945,22624,26417,26539,24367,23027,20216,14749
2012-09-18,10650,6509,3998,2667,2501,4251,12730,22762,26781,26164,23233,21661,22224,23689,23917,21659,18711,24826,29815,31118,29391,26862,23320,17740
2012-09-19,12512,7992,4535,2793,2710,4401,12991,25214,29969,28059,24586,24133,24573,23858,25449,23757,19534,24671,31062,33857,33205,31911,28997,24114
2012-09-20,16761,11356,6465,4173,3522,4587,12876,25348,29216,27451,24885,24510,25236,25293,26352,23753,19053,23571,30080,33490,33924,33052,32228,29931
2012-09-21,22831,15297,10519,6864,5169,5340,12756,23638,28256,26423,24407,23917,24100,23219,25002,21951,18113,22677,29232,32624,32330,31899,33251,33513
2012-09-22,30913,27769,23916,18171,11203,5359,5635,8078,12436,17164,20216,23086,25374,25390,24997,25148,21708,25649,30916,31436,29640,34232,33755,32530
2012-09-23,30601,27903,24907,19829,12180,5387,6298,6367,9613,13672,19282,21812,24352,23863,23373,22507,20612,23223,25395,24707,21944,20487,18216,14579
2012-09-24,10209,5742,3766,2575,2792,4841,12937,21675,24224,22324,20052,19919,19928,19913,20873,19957,17292,21192,26633,28752,28040,26379,23304,17014
2012-09-25,11886,6729,4177,2765,2629,4275,12400,22743,24940,22774,20065,19449,20136,19548,21641,20802,17785,23536,29976,29362,27441,27216,24512,18499
2012-09-26,12451,7808,4917,3443,2903,3771,10000,17023,21673,22153,21549,19658,20595,21284,23721,20426,18295,24195,29427,32010,29145,28479,25366,19823
2012-09-27,13173,8149,5456,3611,3241,5110,13300,23950,27012,25592,22941,22092,22438,21732,23016,21741,17567,23143,29023,32192,33037,32961,31945,29623
2012-09-28,23321,15202,10123,6991,5009,5046,12491,23094,27588,24658,22858,21759,21816,21040,22609,20132,17247,23188,29752,33660,32607,31551,33045,33894
2012-09-29,31812,27712,23542,18074,11080,5300,5501,8200,13637,18793,21903,24213,25840,26273,25509,25426,21547,24582,29714,31934,30032,29935,32598,34639
2012-09-30,32464,28783,25582,20397,12863,5641,5190,6491,9714,14219,18974,22249,24095,26641,24446,23073,21363,23130,25078,24320,22160,19660,19078,16065
2012-10-01,10375,6120,4018,2811,2831,4818,12212,22203,25889,23879,20470,20261,21114,20966,22958,22660,20189,25063,30429,30292,27653,24902,21775,16425
2012-10-02,11102,6735,4171,2701,2658,4192,11785,23483,28142,26151,22654,25319,27287,25922,25724,24518,18958,25452,30982,31858,30557,29144,25021,19298
2012-10-03,13075,7699,4592,3113,2823,4281,12371,24383,29280,27199,23697,23396,24353,23958,25583,24168,19578,25605,32025,34174,34186,28685,27249,24020
2012-10-04,16476,9717,6063,4001,3462,4694,12823,24491,28752,27146,24542,24919,25502,25679,26028,23990,19219,25591,31134,34344,33866,33151,32414,28926
2012-10-05,22100,14352,9561,6322,4928,5203,12133,23302,27378,26373,23869,23912,24669,23541,25706,22981,19086,24376,30863,34158,33357,31887,33265,33502
2012-10-06,31614,27444,23696,18197,11728,5726,5895,9139,12520,17189,20351,23520,24664,25493,25943,25487,21780,25109,30457,33338,30647,29479,32328,34211
2012-10-07,32443,28880,25269,20145,12439,5389,5273,6093,8919,13203,19230,25619,26178,23781,22415,20916,20418,23242,25229,26622,24435,23626,19108,16537
2012-10-08,12182,7489,5100,3608,3544,4202,9133,15141,20195,21043,19033,19389,19998,20783,21672,21904,20123,23844,27809,27809,24174,21963,19579,14757
2012-10-09,11474,6261,3772,2384,2494,4298,12661,24681,28769,27100,23153,22571,23339,24014,25860,23175,19542,25939,32350,32950,29950,28757,25178,18589
2012-10-10,12633,7356,4630,3203,2929,4673,13318,25149,29494,28025,23775,23383,23508,22965,24550,23717,19392,25157,31722,33360,31958,31481,29367,24362
2012-10-11,15787,9322,5981,3934,3380,4601,12311,24470,28382,27338,24817,24116,25157,24553,25891,23604,19108,24017,30792,34303,34472,33086,32244,29352
2012-10-12,24397,14378,9430,6257,4973,4981,12381,23534,28007,27058,26171,25271,25094,23792,25584,23460,19859,25204,31808,35414,35376,34211,35295,34584
2012-10-13,31560,26829,22469,16427,10152,4855,5605,8338,13656,19181,22786,25046,26234,26489,25588,25491,22131,25823,30567,32738,30922,29417,32168,33304
2012-10-14,32474,29951,24309,18831,11935,5154,4846,6508,10548,15580,20445,23067,24411,23846,23782,22389,20296,22038,24001,24635,21815,19647,17605,14737
2012-10-15,9700,5840,3704,2551,2810,4896,12384,22105,25933,24383,21625,21736,22290,22510,24112,24301,21062,26004,31577,31549,27584,25618,22661,17236
2012-10-16,10951,5981,3833,2569,2609,4335,12130,23625,28947,27996,24038,23079,24206,23242,25171,23746,19870,26160,31898,33404,33334,29721,26884,23117
2012-10-17,14174,8721,5180,3435,3129,4539,12664,24817,28405,26952,23534,23397,24140,23679,25475,23711,19326,24760,30968,33653,32538,32248,30416,24276
2012-10-18,16097,10363,6521,4239,3388,4617,12663,24689,28174,26809,23814,23523,24383,24146,24717,22285,18050,25157,31641,34515,33884,33455,31224,29450
2012-10-19,23835,16162,10603,6717,4944,5192,13542,23292,28391,27435,25217,25309,25345,22705,24282,21985,18516,25278,31676,35040,33676,32000,33171,32785
2012-10-20,30646,26228,22368,16841,10833,5390,5845,9099,14435,19122,21376,24183,25292,25837,25287,24643,20135,22817,27346,29375,30316,30907,33292,33428
2012-10-21,31999,28822,25385,19932,12998,5602,5226,7081,10795,15547,20275,23398,25149,24844,24737,23430,21208,22940,25598,24148,22827,20790,18004,11881
2012-10-22,9733,5638,3708,2692,2975,4811,12268,22115,25343,24458,21545,21144,22135,21885,23560,23246,19965,25035,30505,30510,29714,24694,22485,17291
2012-10-23,11519,6580,3925,2550,2581,4668,12645,24042,27837,26359,23396,23036,23239,24857,25840,23646,18935,25341,31641,32870,32081,32171,28747,21999
2012-10-24,13315,7813,4842,3138,2966,4546,12282,24350,29148,27119,24448,23519,24195,24006,25311,23711,19887,26309,32500,34414,32811,32668,30264,24444
2012-10-25,16206,9732,6094,3876,3467,4685,12571,24486,29030,27689,24574,23954,25138,24665,25862,23600,18830,24641,30205,34413,33843,33699,31768,29711
2012-10-26,23237,15635,10284,6956,5298,5265,11693,19473,22687,22688,21928,22426,23300,22559,22562,20223,17830,21963,27768,30835,31272,31077,31749,30731
2012-10-27,28062,25493,22770,18338,11778,5924,5793,8390,12388,17525,20973,23633,25709,26065,25924,24772,20406,23515,28736,31197,31009,31935,33501,32648
2012-10-28,31797,30625,28022,23455,16474,8359,6183,7568,10498,15265,20239,23721,26284,25824,25195,23429,20495,19787,16041,13444,11827,9812,8869,7265
2012-10-29,5165,3120,1973,1265,1149,1725,4257,7187,8829,7852,7859,10344,10595,9311,8126,6895,4677,3777,2803,2084,1484,1302,1047,982
2012-10-30,810,525,365,243,246,414,927,1903,3045,4260,6247,7955,9536,10607,12280,13357,13098,15099,16113,15368,13445,12704,12460,10699
2012-10-31,7640,4633,2810,1867,1464,3146,9051,14742,15621,15421,15142,14873,14770,14821,15218,13589,10173,11510,14229,16081,17280,18749,19268,17141
2012-11-01,13517,9408,6666,4755,3714,4560,9556,14189,15801,16344,16635,16965,17918,17742,18034,15750,11944,13739,17119,18815,18806,18673,18202,16269
2012-11-02,12095,7523,4969,3391,2769,4022,8229,12941,15239,16197,16951,16666,16618,15078,15405,13715,11614,13775,17032,19114,19707,19671,19530,19284
2012-11-03,17873,15524,12587,9237,6059,3876,4901,7887,11833,15699,18244,20144,21310,22074,22674,22219,19543,21673,25834,28597,27759,27460,28349,27918
2012-11-04,26669,39328,14439,10303,5934,3599,4217,6433,9078,13558,18400,21964,22965,23499,24335,23932,23082,23479,25006,23894,21132,19709,16457,12607
2012-11-05,8012,4656,3002,2097,2416,4809,13305,21574,24286,22596,19953,19507,20091,19716,21724,21641,19556,23759,28541,28991,27181,25137,22197,16183
2012-11-06,10043,5801,3584,2313,2543,4427,12824,21569,25744,25198,23075,22129,22672,22185,23792,22857,19125,22493,27763,29306,28383,26133,24180,22392
2012-11-07,17930,8544,9149,3984,3251,4558,12765,23304,27911,26631,24266,27385,25631,25594,24502,20691,15222,18348,22290,22633,21958,21631,19752,15621
2012-11-08,10591,6137,4111,2653,2381,3948,11972,22169,26937,26120,23073,22106,22868,22348,24012,22856,19128,24030,31147,33283,32551,32310,31175,28361
2012-11-09,21081,14270,9306,6161,4682,5144,13038,23411,27894,26709,24330,23661,24030,23860,25227,22147,18906,23294,29009,32299,32754,32751,33648,32796
2012-11-10,30679,26792,22509,17084,10758,5119,5567,8630,12973,18386,21806,24594,26536,27172,27719,26128,23090,26837,31011,33476,29537,29783,32632,34550
2012-11-11,32848,29302,25008,19578,12723,5592,4868,6364,9527,14822,19843,22740,24995,25053,24348,23658,21774,24025,25969,24178,21532,20511,18755,15439
2012-11-12,10762,6510,4127,2896,2872,4100,10062,18375,23401,23660,21937,22247,22637,21627,23234,21780,18044,22029,27667,28673,26938,25472,21790,16560
2012-11-13,12627,8121,4116,2641,2993,4754,13379,24147,28323,27845,24688,23523,24759,23952,24359,22458,18414,23558,30231,31901,31446,30444,28137,21767
2012-11-14,14348,9226,5030,3400,3135,4756,13209,24615,28917,27453,24141,24075,24390,23861,25295,22479,16117,19904,27534,31459,31377,31711,30373,24866
2012-11-15,16415,9775,5967,3862,3533,4924,13361,24844,28813,27817,24952,24385,24776,24218,25484,22573,17959,23142,29144,32291,32603,32356,32175,29913
2012-11-16,24314,15231,9899,6370,5116,5318,12993,23997,28316,27172,24722,24423,24332,24017,24887,22088,17650,22782,28987,32415,32436,32745,33642,33261
2012-11-17,31567,27475,22997,17125,10954,5311,6008,9108,13317,18732,22022,24270,26122,25736,25478,25069,20671,24562,30778,32693,30559,29900,32772,34156
2012-11-18,33078,29910,25538,20167,12711,5636,5306,6849,9471,14439,20075,23310,24714,25103,24700,23085,20460,22269,24874,23046,20281,19934,17579,13778
2012-11-19,9497,6054,3910,2530,2862,4781,12699,22834,26762,24993,22358,21917,22744,22872,24407,22607,18820,23070,28278,29078,28501,27135,23740,18216
2012-11-20,11785,7191,4480,2978,3032,4648,12697,23345,27465,26829,24215,23156,24252,23679,24215,22037,17158,21637,27508,30005,29880,29278,27042,22858
2012-11-21,16661,11097,6955,4594,4333,5132,12255,20648,25883,25277,23452,24103,25218,24811,24658,21525,17760,22177,27022,27584,25374,23917,24306,23247
2012-11-22,19213,16046,12941,10105,7371,5483,6977,9076,10207,11304,12823,15091,15736,15919,16711,17024,15944,16093,15272,15327,16085,17044,16784,14415
2012-11-23,11400,8219,6083,4336,3578,3075,5171,7747,9853,12100,14615,16674,18240,20135,20751,21741,19786,22556,24068,24747,21291,26224,24737,22027
2012-11-24,18636,16294,13977,11164,7548,3582,3858,5029,7505,12258,16167,19775,21838,23072,22998,24262,21945,24729,28191,30328,26007,25403,28114,29134
2012-11-25,25629,21992,18668,14255,9543,4671,4471,5785,8175,12047,17064,19919,22889,22848,23077,22485,20622,22660,23566,22803,20744,18864,16885,13772
2012-11-26,9762,4803,3015,2153,2650,5053,12571,22410,27210,25251,21484,20775,21720,21244,23048,22685,19929,24194,29253,29342,26618,24649,21468,15483
2012-11-27,10287,5687,3615,2353,2391,4372,12407,24322,29534,28203,26119,25455,25124,24119,25435,23057,17024,22234,29318,31091,29869,29027,26271,20202
2012-11-28,12670,7500,4414,3005,2810,4412,12588,24709,29539,27867,24453,23287,24551,23608,25472,23189,18472,23659,30199,32132,31137,30839,29682,25209
2012-11-29,16186,9401,5865,3791,3291,4568,12534,24709,28866,27637,25013,24474,25271,24350,25477,23391,18404,23934,30601,33514,33707,33521,31723,29408
2012-11-30,22082,14293,9584,6072,4674,4776,12064,23785,28901,27496,24668,24461,24116,24181,25368,22211,18327,23481,30077,34221,33985,33721,34401,34143
2012-12-01,31535,27857,23313,17370,10921,4995,5307,9028,12958,18769,23568,26757,29412,29815,28940,27487,22081,25803,31076,31370,31910,31547,33480,34506
2012-12-02,32715,30460,26259,20790,12932,5481,4898,6522,9483,14806,21381,25298,26646,26498,25684,24567,20378,22488,25190,24230,21989,22606,19016,13993
2012-12-03,9193,5284,3525,2415,2705,4908,12480,22608,26447,26089,22153,21279,22581,22454,23987,22913,19108,23946,29714,30011,29058,26753,24810,19393
2012-12-04,12340,7427,4186,2811,2702,4620,13808,25293,29043,27876,24308,23572,23474,23154,24520,22679,18029,23455,29378,31056,30304,29994,28212,23194
2012-12-05,14769,8672,5214,3249,3144,4610,12854,24876,28719,27649,24732,24058,24653,23717,25387,23268,18992,24905,31204,32792,33346,33471,31672,27391
2012-12-06,18444,10628,6203,3896,3446,4736,13213,25477,29207,28036,25661,24724,25311,24402,25861,23000,17149,21153,28209,32203,33101,33376,32452,29924
2012-12-07,24514,15707,9962,6364,4928,5137,12508,24205,29273,28285,25521,26176,24239,24374,25210,20690,15808,20422,27953,31146,31992,32200,32458,31659
2012-12-08,29733,26143,21494,15983,10060,4727,5087,7849,12663,18518,23008,26083,28261,28472,27295,26282,21297,24860,30205,31704,30804,31641,33697,32907
2012-12-09,31997,30300,25836,20307,12505,5556,4976,6229,9312,14778,22711,26870,28233,27504,26434,23892,19768,22183,25526,25482,22455,20927,19165,14894
2012-12-10,9371,5182,3468,2512,2949,4909,12673,22666,26564,25741,22247,21536,22182,22203,24506,21920,18821,23918,29296,30333,27845,26692,24383,18724
2012-12-11,13074,7634,4745,3052,2692,4652,13221,24292,28803,27517,24190,22440,23173,22891,25279,23493,18697,24592,30843,32233,31913,31729,29634,24309
2012-12-12,16399,10031,6098,3813,3332,4533,12637,24539,29426,27769,24631,24309,25227,24239,25417,23428,18521,23942,30118,32986,33366,33134,31109,27449
2012-12-13,20630,14216,8098,4664,3833,4713,12627,25103,29530,28232,25776,24841,25778,24839,26133,23564,18233,24184,30835,33927,33805,33500,31958,29631
2012-12-14,26376,19157,11976,8103,5370,5313,12281,24145,29072,28297,25981,25177,25079,24639,25918,22908,18591,24749,31434,35013,34634,33946,34370,33182
2012-12-15,30890,28344,23943,17101,10915,5199,5340,8010,12689,19279,24920,28317,29659,29716,28899,27274,21571,23823,28880,30468,30723,29887,30237,29374
2012-12-16,28906,27675,25072,19474,12449,5733,4982,6228,9495,14870,21643,25474,28472,28915,27598,24762,19899,22465,26246,25448,21586,20659,20768,16436
2012-12-17,11660,6305,4085,3023,3095,4865,12507,21839,26165,25904,22520,22194,23358,23121,24450,23098,18817,24283,30321,32119,31761,30142,28324,22402
2012-12-18,15674,8888,5728,3564,3208,4780,12169,23119,27990,27413,24265,23127,24092,23409,24990,23594,18131,23755,30415,32509,32256,32138,30443,26043
2012-12-19,18552,10910,6871,4497,3948,4977,12327,23390,28434,26939,24606,24814,25369,24366,25601,23278,18131,23518,30418,33242,32779,32924,31860,28496
2012-12-20,21217,13234,8036,5186,4560,5316,12637,23461,27916,27130,25151,25194,26271,25104,26240,23024,17947,23365,30108,33366,31946,31925,32302,30568
2012-12-21,25116,18503,13160,8760,6162,6081,12620,22556,27102,25503,23424,24871,24866,25038,25963,22646,18739,24300,30033,32245,30152,29262,31120,30442
2012-12-22,27611,23720,19536,14765,10100,5479,5796,7111,10251,15562,20327,24017,25789,26296,25683,24746,20399,23474,26903,27799,24261,23310,24981,24611
2012-12-23,21912,18946,15770,12343,8728,4681,4540,5408,7830,11581,16663,19513,20928,21298,21132,20684,18792,19187,19715,19327,16472,16001,14847,12491
2012-12-24,9308,6477,4609,3400,3213,2972,5382,8372,11174,13447,18216,18878,20249,21262,21789,21755,19564,20760,20742,22790,20186,18511,16561,14977
2012-12-25,12738,9450,6475,4332,2975,1998,2667,3124,3770,5630,8176,10043,11650,12408,13680,13897,12519,13187,14233,13590,13399,14113,13265,10296
2012-12-26,7053,4686,2933,1839,1844,2420,5633,9356,12853,15488,16596,17732,19402,20860,22768,21742,17798,20311,23916,23665,23259,20672,19036,15164
2012-12-27,11060,6958,4277,2810,2455,2923,6475,10195,15525,18687,19725,19485,20818,21707,22486,22107,19232,23172,27392,27617,24877,25211,25415,21033
2012-12-28,16610,11723,8335,6017,4765,3590,7023,10584,15514,18281,19879,20788,22036,22347,23646,21946,18555,22094,26313,28307,25069,24968,26809,26357
2012-12-29,25281,20617,17551,13535,9011,4344,4142,5102,7261,11273,15120,19124,24110,24647,24171,24149,21172,23684,26928,27386,22764,22632,24463,24394
2012-12-30,23728,21281,17818,14240,9304,4315,3946,4709,6499,10747,15525,19064,21839,22367,23082,23229,21762,23299,25899,25706,23537,22757,21335,20751
2012-12-31,17898,12970,9428,6630,4799,3390,5797,9196,12155,14266,16105,19034,21252,22116,24156,23655,21826,24669,28188,32605,34610,34447,31477,23289
